<?xml version="1.0" encoding="UTF-8"?>
<classpath>
	<classpathentry kind="con" path="org.eclipse.jdt.launching.JRE_CONTAINER/org.eclipse.jdt.internal.debug.ui.launcher.StandardVMType/JavaSE-1.8"/>
	<classpathentry kind="src" path="src"/>
	<classpathentry kind="con" path="org.testng.TESTNG_CONTAINER"/>
	<classpathentry kind="lib" path="C:/Users/group015/Downloads/jar_files (2)/cglib-nodep-2.1_3.jar"/>
	<classpathentry kind="lib" path="C:/Users/group015/Downloads/jar_files (2)/commons-codec-1.9.jar"/>
	<classpathentry kind="lib" path="C:/Users/group015/Downloads/jar_files (2)/commons-exec-1.3.jar"/>
	<classpathentry kind="lib" path="C:/Users/group015/Downloads/jar_files (2)/commons-logging-1.2.jar"/>
	<classpathentry kind="lib" path="C:/Users/group015/Downloads/jar_files (2)/gson-2.3.1.jar"/>
	<classpathentry kind="lib" path="C:/Users/group015/Downloads/jar_files (2)/guava-18.0.jar"/>
	<classpathentry kind="lib" path="C:/Users/group015/Downloads/jar_files (2)/httpclient-4.5.1.jar"/>
	<classpathentry kind="lib" path="C:/Users/group015/Downloads/jar_files (2)/httpcore-4.4.3.jar"/>
	<classpathentry kind="lib" path="C:/Users/group015/Downloads/jar_files (2)/jna-4.1.0.jar"/>
	<classpathentry kind="lib" path="C:/Users/group015/Downloads/jar_files (2)/jna-platform-4.1.0.jar"/>
	<classpathentry kind="lib" path="C:/Users/group015/Downloads/jar_files (2)/selenium-api-2.48.2.jar"/>
	<classpathentry kind="lib" path="C:/Users/group015/Downloads/jar_files (2)/selenium-chrome-driver-2.48.2.jar"/>
	<classpathentry kind="lib" path="C:/Users/group015/Downloads/jar_files (2)/selenium-remote-driver-2.48.2.jar"/>
	<classpathentry kind="output" path="bin"/>
</classpath>
